,Country,Total.Library.Size,No.TV.Show,No.Movies,Cost.per.Title...Basic....,Cost.per.Title...Standard....,Cost.per.Title...Premium....,Library.Size...Color,Cost.per.Title...Basic...Color,Cost.per.Title...Standard...Color,Cost.per.Title...Premium...Color,x1960,x1961,x1962,x1963,x1964,x1965,x1966,x1967,x1968,x1969,x1970,x1971,x1972,x1973,x1974,x1975,x1976,x1977,x1978,x1979,x1980,x1981,x1982,x1983,x1984,x1985,x1986,x1987,x1988,x1989,x1990,x1991,x1992,x1993,x1994,x1995,x1996,x1997,x1998,x1999,x2000,x2001,x2002,x2003,x2004,x2005,x2006,x2007,x2008,x2009,x2010,x2011,x2012,x2013,x2014,x2015,x2016,x2017,x2018,x2019,g2020,g2021,g2022,g2023,Cost
1,Albania,6705,2552,4153,0.00081,0.00065,4.00E-04,1,0,0,0,NA,NA,NA,NA,NA,NA,NA,NA,NA,NA,NA,NA,NA,NA,NA,NA,NA,NA,NA,NA,NA,NA,NA,NA,1857337995,1897050117,2097326250,2080796250,2051236250,2253090000,2028553750,1099559028,652174990.8,1185315468,1880950864,2392764853,3199640815,2258513974,2545964541,3212121651,3480355258,3922100794,4348068242,5611496257,7184685782,8052077248,8896075005,10677324853,12881352894,12044205550,11926926616,12890760315,12319834195,12776224497,13228147516,11386853113,11861199831,13019726212,15156424015,15401826127,15162734205,17930565119,18916378861,22977677861,8.61
2,Algeria,5969,2468,3501,0.00067,0.00059,0.00045,0,0,0,0,2723615451,2434747056,2001444544,2702982018,2909316435,3136284307,3039859187,3370870376,3852147027,4257253264,4863526897,5077183094,6766743957,8707858912,13209871626,15557902754,17728240932,20972113685,26364491313,33243706860,42345829079,44348590461,45207167470,48801369800,53698548293,57937868670,63692007897,66745818375,59089396860,55634721573,62048507531,45715676428,48003133347,49945584453,42543176829,41764291672,46941554225,48177612042,48187781984,48640671735,54790398570,59413400924,61516103406,73482264191,91913680985,1.07E+11,1.23E+11,1.42E+11,1.80E+11,1.50E+11,1.78E+11,2.18E+11,2.27E+11,2.30E+11,2.39E+11,1.87E+11,1.81E+11,1.90E+11,1.95E+11,1.93E+11,1.65E+11,1.86E+11,2.26E+11,2.40E+11,7.99
3,Andorra,6702,2302,4400,0.00129,0.00118,0.00082,1,1,1,1,NA,NA,NA,NA,NA,NA,NA,NA,NA,NA,78617711.1,89406608.15,113414397.4,150841639.3,186557082,220112572.2,227283850.8,253997897.2,308020261.2,411548748.4,446377776.8,388983266.2,375914743.6,327850042.5,330073080.6,346742714.7,481996012.9,611299924.5,721425939.2,795489582,1028989692,1106891362,1209992020,1007090270,1017544069,1178745283,1224024139,1180645572,1211953994,1240295103,1432606189,1548265808,1764279824,2366941809,2900245324,3161084091,3459337986,3957625367,4102319399,3688976341,3449925739,3629133574,3188652765,3193512950,3271685597,2789881259,2896610480,3000162081,3218419897,3155149348,2891001149,3324683012,3380602043,3727673593,14
4,Argentina,6702,2609,4093,7.00E-04,0.00058,0.00039,1,0,0,0,NA,NA,NA,NA,NA,NA,NA,NA,NA,NA,NA,NA,NA,NA,NA,NA,NA,NA,NA,NA,NA,NA,NA,1.09E+11,1.13E+11,88416666667,1.06E+11,1.09E+11,1.27E+11,76629657864,1.41E+11,1.90E+11,2.29E+11,2.37E+11,2.57E+11,2.58E+11,2.72E+11,2.93E+11,2.99E+11,2.84E+11,2.84E+11,2.69E+11,97724004252,1.28E+11,1.65E+11,1.99E+11,2.33E+11,2.88E+11,3.62E+11,3.33E+11,4.24E+11,5.30E+11,5.46E+11,5.52E+11,5.26E+11,5.95E+11,5.58E+11,6.44E+11,5.25E+11,4.48E+11,3.86E+11,4.88E+11,6.31E+11,6.41E+11,3.57
5,Australia,7120,2693,4427,0.00104,9.00E-04,0.00062,1,0,0,1,18606562977,19682883149,19922563188,21539843446,23801123808,25976164156,27307844369,30442724871,32714085234,36683365869,41333606613,45216647235,52040887850,63830877643,88963890936,97303017889,1.05E+11,1.10E+11,1.18E+11,1.35E+11,1.50E+11,1.77E+11,1.94E+11,1.77E+11,1.94E+11,1.81E+11,1.82E+11,1.89E+11,2.36E+11,3.00E+11,3.11E+11,3.26E+11,3.26E+11,3.12E+11,3.23E+11,3.68E+11,4.01E+11,4.36E+11,4.00E+11,3.90E+11,4.16E+11,3.80E+11,3.96E+11,4.68E+11,6.15E+11,6.96E+11,7.48E+11,8.55E+11,1.06E+12,9.29E+11,1.15E+12,1.40E+12,1.55E+12,1.58E+12,1.47E+12,1.35E+12,1.21E+12,1.33E+12,1.43E+12,1.39E+12,1.33E+12,1.56E+12,1.69E+12,1.72E+12,11.19
6,Austria,7904,2571,5333,0.0011,0.00089,0.00062,1,0,0,1,6650133915,7375454614,7823686765,8447136820,9249879079,10081145818,10982543233,11680319625,12549016579,13701141219,15373005557,17858486067,22059612477,29515467707,35189299912,40059206763,42959976222,51545758888,62052259073,73937296963,82058912997,71034228443,71275287570,72121016547,67985344887,69386774408,99036164939,1.24E+11,1.33E+11,1.33E+11,1.66E+11,1.74E+11,1.95E+11,1.90E+11,2.04E+11,2.41E+11,2.37E+11,2.13E+11,2.18E+11,2.17E+11,1.97E+11,1.98E+11,2.14E+11,2.62E+11,3.01E+11,3.16E+11,3.36E+11,3.89E+11,4.32E+11,4.02E+11,3.92E+11,4.32E+11,4.09E+11,4.30E+11,4.43E+11,3.82E+11,3.96E+11,4.17E+11,4.55E+11,4.45E+11,4.35E+11,4.79E+11,4.71E+11,5.16E+11,14
7,Bahrain,6360,2481,3879,0.00126,0.00082,0.00062,1,1,0,1,NA,NA,NA,NA,NA,NA,NA,NA,NA,NA,391577364.8,422181562.1,534081183.6,761132544.6,1042176883,1099107600,1581709519,1989060283,2272042966,2710160740,3493834467,3943109532,4145421080,4247030467,4440874567,4152376484,3470746844,3856922695,4209834174,4393093962,4809511005,5248911170,5402232447,5913001064,6330627926,6651180851,6938166755,7219407713,7031309043,7528469149,9062898936,8976196809,9593510638,11074813830,13150159574,15968723404,18504760638,2.17E+10,25710904255,22938218085,25713271277,28776595745,30749308511,32539468085,33387712766,31125851064,32250132979,35423643617,37802005319,38653318085,34621807713,39288670213,44383297872,4.32E+10,10.49
8,Belgium,7561,2297,5264,0.00143,0.00107,0.00072,1,1,1,1,11810619368,12561701694,13436827167,14445805381,16168044450,17597783297,18894891312,20252508995,21654856965,24019653475,26706196047,29821661870,37209418019,47743801490,56033077879,65678189097,71113882968,82839905459,1.01E+11,1.16E+11,1.27E+11,1.05E+11,92095926188,87184239053,83349530159,86268264148,1.20E+11,1.49E+11,1.62E+11,1.64E+11,2.05E+11,2.11E+11,2.35E+11,2.25E+11,2.45E+11,2.88E+11,2.79E+11,2.53E+11,2.59E+11,2.58E+11,2.37E+11,2.37E+11,2.58E+11,3.18E+11,3.69E+11,3.86E+11,4.08E+11,4.71E+11,5.17E+11,4.83E+11,4.81E+11,5.23E+11,4.96E+11,5.22E+11,5.35E+11,4.62E+11,4.76E+11,5.03E+11,5.43E+11,5.36E+11,5.26E+11,6.01E+11,5.84E+11,6.32E+11,14.54
9,Bermuda,7125,2691,4434,0.00126,0.00091,0.00056,1,1,0,0,84466652.59,89249985.13,94149984.31,96366650.61,107566648.7,114339050.3,134173375.3,155102980.1,1.50E+08,164900000,186300000,211100000,235400000,269500000,312600000,3.45E+08,386300000,4.47E+08,475800000,517200000,613299968,739100032,785500032,889400000,985699968,1039500032,1173500032,1296499968,1415100032,1501500032,1592400000,1634900000,1679900000,1820359900,1867160100,2030750000,2695390000,2932827000,3130748000,3324433000,3480219000,3680483000,3937228000,4186525000,4484703000,4868136000,6.14E+09,6.77E+09,6.98E+09,6.66E+09,6634526000,6312691000,6378188000,6465756000,6413988000,6654541000,6899911000,7142316000,7225977000,7423465000,6887147000,7286607000,7827980000,NA,12.99
10,Bolivia,6520,2606,3914,0.00061,0.00046,0.00031,1,0,0,0,373250000,4.06E+08,443916666.7,4.78E+08,538583333.3,598333333.3,662500000,748250000,849333333.3,920333333.3,1006833333,1084666667,1286153846,1263600000,2101300000,2405900000,2733350000,3229050000,3760100000,4510500000,4450368037,5778487837,5600385568,5414008064,6169304492,5377276657,3959383520,4347956338,4597611710,4715973437,4867582598,5343262457,5643868749,5734699489,5981222859,6715161732,7396949126,7925736821,8497494652,8285064435,8397855485,8141516928,7905485146,8082399640,8773451752,9549122905,11451844902,13120108008,16674276286,17339992194,19649723722,23963164697,27084497482,30659338886,32996188017,33000198249,33941126194,37508642171,40287647931,40895322851,36629843806,40406111693,44008282880,45849832906,5.99
11,Brazil,6783,2572,4211,7.00E-04,0.00061,0.00041,1,0,0,0,NA,NA,NA,NA,NA,NA,NA,NA,NA,NA,NA,NA,NA,NA,NA,NA,NA,NA,NA,NA,NA,NA,NA,NA,NA,NA,NA,NA,NA,4.26E+11,3.85E+11,3.43E+11,3.28E+11,3.68E+11,5.25E+11,7.69E+11,8.50E+11,8.83E+11,8.64E+11,6.00E+11,6.55E+11,5.60E+11,5.10E+11,5.58E+11,6.69E+11,8.92E+11,1.11E+12,1.40E+12,1.70E+12,1.67E+12,2.21E+12,2.62E+12,2.47E+12,2.47E+12,2.46E+12,1.80E+12,1.80E+12,2.06E+12,1.92E+12,1.87E+12,1.48E+12,1.67E+12,1.95E+12,2.17E+12,8.1
12,Bulgaria,8300,2653,5647,0.00065,0.00052,0.00033,1,0,0,0,NA,NA,NA,NA,NA,NA,NA,NA,NA,NA,NA,NA,NA,NA,NA,NA,NA,NA,NA,NA,19839230769,1.99E+10,1.93E+10,16563666667,17594944444,17155421053,20249294118,2.81E+10,22555941176,21988444444,20632090909,10943548387,10350515464,10832064942,9697416974,18991484420,12294964838,11316127379,15031055047,13627325461,13245990274,14183446026,16403043850,21144957990,26157743369,29868657858,34380536496,44432811756,54480684188,52023801230,50760929303,57737040780,54288135059,55852123990,57157782910,50811995689,53964253212,59309748166,66370132238,68881010246,70368758395,84041493016,90346169915,1.02E+11,8.61
13,Canada,7176,2583,4593,0.00102,0.00084,0.00054,1,0,0,0,40563768947,41038192838,42336211556,45140337827,49503663836,54649410479,61252415405,65856924424,72048833006,79405011125,88192257632,99606454744,1.13E+11,1.32E+11,1.61E+11,1.74E+11,2.07E+11,2.12E+11,2.19E+11,2.44E+11,2.75E+11,3.07E+11,3.15E+11,3.42E+11,3.57E+11,3.66E+11,3.79E+11,4.33E+11,5.09E+11,5.67E+11,5.96E+11,6.13E+11,5.94E+11,5.79E+11,5.80E+11,6.06E+11,6.31E+11,6.55E+11,6.34E+11,6.78E+11,7.45E+11,7.39E+11,7.61E+11,8.96E+11,1.03E+12,1.17E+12,1.32E+12,1.47E+12,1.55E+12,1.37E+12,1.62E+12,1.79E+12,1.83E+12,1.85E+12,1.81E+12,1.56E+12,1.53E+12,1.65E+12,1.73E+12,1.74E+12,1.66E+12,2.01E+12,2.16E+12,2.14E+12,12.13
14,Chile,6529,2607,3922,0.0011,0.00077,5.00E-04,1,0,0,0,4.11E+09,4829238095,5631285444,5591307028,5964195925,6108679126,7162633082,7057478295,7192102967,8359596194,9144112431,10876091408,11833904488,16826390944,16209693232,7621570062,10338624019,13965595122,15992038535,21806136346,29036709872,34509878044,19529291465,20362016672,19671768024,17717662228,18897110626,22250729667,26042571616,29936735491,33137824762,37846188228,45949608552,49287378599,56998601184,73444831671,78584098983,85741415285,81990010704,75578685736,78339750722,71574739561,70264045939,76492579644,99075985773,1.22E+11,1.54E+11,1.72E+11,1.80E+11,1.72E+11,2.17E+11,2.51E+11,2.67E+11,2.77E+11,2.60E+11,2.42E+11,2.49E+11,2.76E+11,2.96E+11,2.78E+11,2.54E+11,3.16E+11,3.02E+11,3.36E+11,9.58
15,Colombia,6462,2585,3877,0.00065,0.00052,0.00038,1,0,0,0,4031152977,4540447761,4955538219,4836166667,5973366667,5760761905,5428518519,5825170438,5960212869,6450175214,7198360460,7820380971,8671358733,10315760000,12370029584,13098633902,15341403660,19470960619,23263511958,27940411250,33400735644,36388366869,38968039722,38729822782,38253120738,34894419443,34942489684,36373307085,39212550050,39540080200,47844090710,49637993949,58394443378,66474101301,81705497617,92495970511,97153389011,1.07E+11,98486358581,86278947637,99875074951,98200641203,97945812803,94644969157,1.17E+11,1.46E+11,1.62E+11,2.06E+11,2.43E+11,2.32E+11,2.86E+11,3.35E+11,3.71E+11,3.82E+11,3.81E+11,2.93E+11,2.83E+11,3.12E+11,3.34E+11,3.23E+11,2.70E+11,3.19E+11,3.45E+11,3.64E+11,6.75
16,Costa Rica,6626,2605,4021,0.00136,0.00098,6.00E-04,1,1,1,0,507513830,490325181.6,479180824.3,511902136.8,542578367.2,592981162.3,647305630.2,699456618.9,773841494.3,853630203.8,984830158.5,1077147538,1238251696,1528925846,1666544754,1960863466,2412555426,3072427013,3523208810,4035519323,4831447001,2623803096,2606623555,3146772631,3660477856,3919203960,4418983871,4532952047,4614629898,5251025767,5711687787,7196276092,8564041916,9582868487,10486787008,11578594260,11678424507,12614602382,13684255947,14254866281,15013629659,15976174337,16578820687,17271760507,18610594846,20040642477,22715540325,26884700345,30801744882,30745714313,37658614804,42762613700,47231655431,50949668841,52016408952,56441920821,58847019610,60516044657,62420164992,64417670521,62395610760,64960725734,69243626029,86497941439,12.99
17,Croatia,6864,1475,5389,0.00079,0.00063,0.00039,1,0,0,0,NA,NA,NA,NA,NA,NA,NA,NA,NA,NA,NA,NA,NA,NA,NA,NA,NA,NA,NA,NA,NA,NA,NA,NA,NA,NA,NA,NA,NA,NA,25650213159,18760386775,10621169291,11259647874,15062911617,22778296981,24147533317,24172615137,25885224249,23770693687,22128414549,23062561237,26757989561,35256066456,41855195585,45025679590,49601653625,59320099745,68526332324,62093280554,58836405999,62772620899,57411354938,59589170668,59489433515,51011170112,52740059263,56322449844,61861145806,61867157679,58221300898,69602166351,71997070660,82688842717,8.61
18,Czech Republic,7531,1904,5627,0.00113,0.00073,0.00045,1,0,0,0,NA,NA,NA,NA,NA,NA,NA,NA,NA,NA,NA,NA,NA,NA,NA,NA,NA,NA,NA,NA,NA,NA,NA,NA,NA,NA,NA,NA,NA,NA,40728950705,29859921159,34805013230,40866748705,47850203856,60147174077,67387788633,62180159376,66807429711,65173130995,61828166496,67808032980,82196001051,1.00E+11,1.20E+11,1.37E+11,1.56E+11,1.90E+11,2.37E+11,2.07E+11,2.09E+11,2.30E+11,2.09E+11,2.12E+11,2.09E+11,1.88E+11,1.96E+11,2.19E+11,2.49E+11,2.53E+11,2.46E+11,2.82E+11,2.91E+11,3.31E+11,11.42
19,Denmark,7401,2210,5191,0.00155,0.00112,0.00073,1,1,1,1,6361166313,7058360972,7953274452,8466044672,9677400985,10870670470,11931739859,13059064375,13505573867,15414902267,17075457600,19085731252,23232379952,30730626663,34160444798,40474406216,44575892473,49784338519,60362931854,70366241969,71127528700,61877813965,60412844679,60644782176,59105236854,62658568287,88078760104,1.09E+11,1.16E+11,1.12E+11,1.38E+11,1.39E+11,1.53E+11,1.43E+11,1.56E+11,1.85E+11,1.88E+11,1.74E+11,1.77E+11,1.78E+11,1.64E+11,1.65E+11,1.79E+11,2.18E+11,2.51E+11,2.64E+11,2.83E+11,3.19E+11,3.53E+11,3.21E+11,3.22E+11,3.44E+11,3.27E+11,3.44E+11,3.53E+11,3.03E+11,3.13E+11,3.32E+11,3.57E+11,3.46E+11,3.55E+11,4.06E+11,4.00E+11,4.04E+11,16.46
20,Ecuador,6607,2604,4003,0.00076,6.00E-04,0.00042,1,0,0,0,2069464937,1753850955,1518207704,1824343870,2244146103,2387047396,2429308639,2553595172,2582179864,3112165727,2862503139,2754219271,3185986087,3891754150,6599257044,7731674472,9091921030,11026342618,11922497876,14175160902,17881508242,21810759354,19929846396,17152477037,16912509092,17149088413,15314138472,13945426859,13051881851,13890823705,15239272612,16988535268,18094238119,18938717359,22708673337,24432884442,25226393197,28162053027,27981896948,19645272636,17539454727,23127055000,27054197000,30965208000,35194947000,40278849000,45690762000,49848725000,61139438000,60094978000,68151329000,78986648000,87735048000,96570334000,1.03E+11,97209558000,97671433000,1.04E+11,1.07E+11,1.08E+11,95865472000,1.07E+11,1.17E+11,1.19E+11,7.99
21,El Salvador,6451,2603,3848,0.00077,0.00062,0.00043,1,0,0,0,NA,NA,NA,NA,NA,877720000,929520000,976200000,1009760100,1049400000,1132920000,1186120000,1263720000,1442320000,1665880000,1884120100,2328280100,2941640100,3127960000,3463639900,3573959900,3437200200,3399189100,3506347800,3661683400,3800368600,3771663200,3958045800,4189880000,4372215300,4817542204,5252342400,5813399300,6680269200,7679384000,8921947100,9586327800,10221705900,10936669900,11284197000,11784927700,12282533600,12664190300,13243892200,13724810900,1.47E+10,15999890000,17011750000,17986890000,17601620000,18447920000,20283780000,21386150000,21990960000,22593470000,23438240000,24191430000,24979190000,26020850000,26881140000,24921190000,29043140000,31988920000,34015620000,7.99
22,Equatorial Guinea,2309,1478,831,0.00173,0.00173,0.00108,0,1,1,1,NA,NA,9122751.453,10840095.13,12712471.4,64748333.33,69110000,72317446.93,67514285.71,67225714.29,66331428.57,64946954.76,65429198.24,81203226.91,94159862.71,104295643.4,103653049.9,103987520.1,NA,NA,50642880.77,36731422.85,44294647.73,44442456.95,50320914.41,62118569.97,76407395.87,93345859.53,100534656.9,88265974.86,112119411.5,110906028.5,134707183.8,136047906.2,100807002.5,141853360.9,232463022.8,442337870.7,370687634.4,621117885.7,1045998496,1461139022,1806742742,2484745935,4410764339,8217369093,10086528699,13071718759,19749893536,15027795173,16314443436,21357343669,22388344144,21948834284,21765453082,13185496881,11240808848,12200913879,13097012134,11364133550,9893816008,12215878033,13486788879,12116922539,7.99
23,Estonia,8245,2638,5607,0.00105,0.00066,0.00039,1,0,0,0,NA,NA,NA,NA,NA,NA,NA,NA,NA,NA,NA,NA,NA,NA,NA,NA,NA,NA,NA,NA,NA,NA,NA,NA,NA,NA,NA,NA,NA,NA,NA,NA,NA,4013091682,4123011420,4502970889,4786018988,5154420649,5674080543,5756912266,5686579748,6254649539,7367975888,9874013098,12145911801,14106790200,17022870405,22449129483,24341678629,19633031398,19523477326,23213994093,23019150071,25115753366,26634083965,22890762090,24072829277,26924385103,30624720196,31290453294,31330419851,36864792512,37921480882,40744848828,10.76
24,Fiji,2321,2,2319,0.00172,0.00172,0.00108,0,1,1,1,112328422.1,116987784.9,122906435,129454728.6,140032741.5,147084750,150603925.5,162625885.9,166952937.1,182182067.7,219878482.2,247749327.7,316656648.7,425950487.5,558587097.4,684282434.4,694540806.4,719501765.8,829267889.4,1019691460,1202618816,1235626771,1194059943,1123085190,1178000678,1141168944,1290267340,1177947965,1110009523,1182660266,1337017559,1383883250,1532411039,1636101247,1825732093,1970301486,2128696644,2090221137,1653146717,1936459986,1678219508,1652462023,1833279985,2300492465,2708078477,2980403845,3076305453,3378314600,3523185920,2870624636,3140166713,3779411899,3972028104,4189967999,4857104769,4682479894,4930213644,5353469174,5581425327,5444407198,4432466220,4305031650,4979979531,5494797541,7.99
25,Finland,7325,2181,5144,0.00118,0.00089,0.00059,1,1,0,0,5279011362,5983900493,6407225035,6958296429,7848288358,8679620317,9305312888,9467428626,8915770473,10176617905,11357516988,12527405513,14743186120,19472363467,24848821490,29472623242,31849513771,33499799321,36256160289,44465255686,53645202423,52448332874,52797582336,50973526900,52888800950,55875863392,73531550551,91594751792,1.09E+11,1.19E+11,1.41E+11,1.28E+11,1.13E+11,89214114708,1.03E+11,1.34E+11,1.32E+11,1.27E+11,1.34E+11,1.35E+11,1.26E+11,1.30E+11,1.40E+11,1.72E+11,1.97E+11,2.05E+11,2.17E+11,2.56E+11,2.86E+11,2.53E+11,2.49E+11,2.76E+11,2.58E+11,2.71E+11,2.75E+11,2.35E+11,2.41E+11,2.56E+11,2.76E+11,2.69E+11,2.72E+11,2.96E+11,2.82E+11,3.00E+11,12.92
26,France,7558,2549,5009,0.00158,0.00097,0.00072,1,1,1,1,62225478001,67461644222,75607529810,84759195106,94007851047,1.02E+11,1.10E+11,1.19E+11,1.30E+11,1.42E+11,1.48E+11,1.66E+11,2.03E+11,2.64E+11,2.86E+11,3.61E+11,3.72E+11,4.10E+11,5.07E+11,6.14E+11,7.01E+11,6.16E+11,5.85E+11,5.60E+11,5.31E+11,5.53E+11,7.71E+11,9.34E+11,1.02E+12,1.03E+12,1.27E+12,1.27E+12,1.40E+12,1.32E+12,1.39E+12,1.60E+12,1.61E+12,1.45E+12,1.50E+12,1.49E+12,1.37E+12,1.38E+12,1.50E+12,1.84E+12,2.12E+12,2.20E+12,2.32E+12,2.66E+12,2.93E+12,2.70E+12,2.65E+12,2.87E+12,2.68E+12,2.81E+12,2.86E+12,2.44E+12,2.47E+12,2.60E+12,2.79E+12,2.73E+12,2.65E+12,2.96E+12,2.78E+12,3.03E+12,14.54
27,French Polynesia,5660,2514,3146,0.00159,0.00106,0.00062,0,1,1,1,NA,NA,NA,NA,NA,176534588.4,215659453.6,220984367.6,259590074.5,242943783.1,254036000.8,296865513.7,326433558.1,431252938.1,555340842.9,690323388.5,732288906.3,793196378.7,1005569835,1215032464,1320416025,1234743073,1235897958,1284180701,1325515445,1448281228,2212028300,2677977163,2723496362,2731683484,3320159522,3410078968,3713785765,3544608548,3676123788,4186994249,4166072830,3762859093,3903186593,3911602004,3599845480,3573808556,3965405553,4927780607,5564109982,5705052135,5877997980,6631156406,7136741422,6584557974,6086644799,6203940037,5692858099,6031827123,6151996561,5325846362,5497036477,5833352693,6135116253,6022276196,5792545871,6150640646,5814661209,NA,11.99
28,Germany,7940,2580,5360,0.00109,0.00095,0.00068,1,0,1,1,84310950194,96205728658,1.06E+11,1.12E+11,1.23E+11,1.34E+11,1.43E+11,1.45E+11,1.56E+11,1.77E+11,2.16E+11,2.50E+11,3.00E+11,3.98E+11,4.45E+11,4.91E+11,5.20E+11,6.00E+11,7.40E+11,8.81E+11,9.50E+11,8.00E+11,7.77E+11,7.71E+11,7.25E+11,7.33E+11,1.05E+12,1.30E+12,1.40E+12,1.40E+12,1.77E+12,1.87E+12,2.13E+12,2.07E+12,2.21E+12,2.59E+12,2.50E+12,2.21E+12,2.24E+12,2.19E+12,1.95E+12,1.95E+12,2.08E+12,2.50E+12,2.81E+12,2.85E+12,2.99E+12,3.43E+12,3.75E+12,3.41E+12,3.40E+12,3.75E+12,3.53E+12,3.73E+12,3.89E+12,3.36E+12,3.47E+12,3.69E+12,3.97E+12,3.89E+12,3.89E+12,4.28E+12,4.08E+12,4.46E+12,14
29,Ghana,2349,1504,845,0.0017,0.0017,0.00106,0,1,1,1,1223943662,1309859155,1390140845,1549295775,1740845070,2064788732,2138028169,1748837209,1666666667,1961764706,2214705882,2427184466,2116541353,3018103448,2894409938,2810106383,2765254237,3189428571,3662478185,4020227920,4445228216,4222441860,4035994398,4057275132,4412279843,4504306723,5735677434,5074829932,5197765032,5251858440,5889106573,6603185268,6416103926,5968922939,5446383727,6464382808,6932991739,6891443192,7482069162,7718109982,4982850662,5314872854,6166197848,7632723556,8881417907,10744568381,20885037597,24827339138,28679383241,26048720006,32197655567,39336668081,41271701061,62824629066,54783319817,49406010054,56164929305,60405924079,67298914624,68337969248,70043095504,79524421861,74263364042,76370394412,7.99
30,Gibraltar,7209,2729,4480,0.0012,0.00098,0.00068,1,1,1,1,NA,NA,NA,NA,NA,NA,NA,NA,NA,NA,NA,NA,NA,NA,NA,NA,NA,NA,NA,NA,NA,NA,NA,NA,NA,NA,NA,NA,NA,NA,NA,NA,NA,NA,NA,NA,NA,NA,NA,NA,NA,NA,NA,NA,NA,NA,NA,NA,NA,NA,NA,NA,NA,NA,NA,NA,NA,NA,NA,NA,NA,NA,NA,NA,14
31,Greece,7496,2112,5384,0.00115,0.00079,0.00051,1,0,0,0,4335191696,4961399303,5213043168,5895281432,6669669850,7689148374,8591522487,9275600800,10090674767,11615655895,13139863636,14591750000,16885511364,22347848101,25351306818,28525876727,31152835821,36176234968,44270204082,54481876725,56829664269,52346506765,54617989796,49428873839,48020024184,47820851221,56379593476,65652750377,76261277925,79169043223,97891092003,1.05E+11,1.16E+11,1.09E+11,1.17E+11,1.37E+11,1.46E+11,1.43E+11,1.44E+11,1.43E+11,1.30E+11,1.36E+11,1.55E+11,2.02E+11,2.41E+11,2.48E+11,2.74E+11,3.19E+11,3.56E+11,3.31E+11,2.97E+11,2.83E+11,2.42E+11,2.39E+11,2.35E+11,1.96E+11,1.93E+11,2.00E+11,2.12E+11,2.05E+11,1.88E+11,2.15E+11,2.18E+11,2.38E+11,11.84
32,Guatemala,6562,2602,3960,0.00076,0.00061,0.00042,1,0,0,0,1043599900,1076699900,1143600000,1262800000,1299099900,1331399900,1390700000,1453500000,1610500000,1715399900,1.90E+09,1984800000,2101300000,2569200100,3161499900,3645900000,4365300200,5480500200,6070600200,6902600200,7878700000,8607500300,8716999700,9050000400,9470000100,9721652087,7231963516,7084399840,7841602824,8410724361,7650196845,9406135143,10440781588,11400017301,12983233311,14655404433,15674835615,17790026222,19395491993,18318412251,19288929030,18405220247,20444205991,21576351799,23577298095,26783389294,29744246827,33567850824,38503720224,37126148265,40676578423,46876006272,49593929487,52996446269,57852153059,62186064719,66053403469,71653754066,73328365862,77172317259,77715183063,86053083476,95003330316,1.02E+11,7.99
33,Honduras,6285,2601,3684,0.00079,0.00064,0.00044,1,0,0,0,335650000,356200000,387750000,410200000,4.57E+08,508650000,549950000,598100000,646800000,668000050,7.23E+08,7.31E+08,802996336.5,912499493.8,1034500000,1.12E+09,1347999950,1669499950,3097242093,3544281976,3968160046,4043894879,4266503526,4476697185,4915311847,5278120713,5677828959,6190521242,5902717091,5432344902,4923009552,4648668479,4943700431,4926728933,4642280682,5347445005,5215028986,5737099650,6366340266,6414520530,7186638029,7651162302,7858255413,8230391347,8869299234,9757012697,10917477066,12361257681,13881731876,14587496229,15839344592,17710275685,18528554398,18499729215,19756533972,20979791685,21717604952,23136247991,24067750760,24882225742,23352232484,28144331507,31426041807,34400509852,7.99
34,Hungary,6522,1967,4555,0.00105,0.00074,0.00047,1,0,0,0,NA,NA,NA,NA,NA,NA,NA,NA,4870283626,5412100260,5762071728,6271045034,7355242314,9108483161,9983664739,11383139029,13192437321,14735449497,17230354545,19894622393,23041569235,23628554957,24062916721,21838893331,21173432185,21440475720,24697337084,27143185297,29702631094,30323270274,34365891769,34753569693,38730585922,40124916941,43166678735,46425677734,46658755152,47296952929,48706787306,49073380174,47218405892,53749989092,67608919144,85285062818,1.04E+11,1.13E+11,1.16E+11,1.40E+11,1.58E+11,1.31E+11,1.32E+11,1.42E+11,1.29E+11,1.36E+11,1.41E+11,1.25E+11,1.29E+11,1.43E+11,1.61E+11,1.64E+11,1.57E+11,1.82E+11,1.77E+11,2.12E+11,9.85
35,Iceland,8186,2628,5558,0.00106,0.00086,6.00E-04,1,0,0,0,252169712,257703244.6,289200704.4,345175036.1,440797869.3,531569563.9,638349755.2,630567115.8,481532847.6,420945147.6,526704545.5,670251136.4,839652164.1,1154440253,1515190595,1406875081,1669488390,2208509076,2511826196,2853435054,3381419251,3492997010,3206626645,2765950336,2864441387,2984052357,3989622739,5520318405,6106635816,5672569449,6468736356,6909730288,7080981738,6218581532,6389460343,7123633418,7426082271,7569672925,8503693099,8982047589,9025660362,8234846805,9318395055,11429333038,13825302536,16852963067,17465318552,21652505597,18074622987,13154414219,13751161918,15221622926,14751508134,16125060515,17867662178,17517210519,20793168031,24728285177,26260850582,24681343649,21629953194,25797870984,28701830402,31020032583,14
36,India,6773,2765,4008,0.00035,0.00044,0.00029,1,0,0,0,37029883876,39232435784,42161481858,48421923459,56480289941,59556105229,45581230504,50134942204,53085455871,58447995017,62422483055,67351404352,71464700667,85517673173,99526597934,98473832017,1.03E+11,1.21E+11,1.37E+11,1.53E+11,1.86E+11,1.93E+11,2.01E+11,2.18E+11,2.12E+11,2.33E+11,2.49E+11,2.79E+11,2.97E+11,2.96E+11,3.21E+11,2.70E+11,2.88E+11,2.79E+11,3.27E+11,3.60E+11,3.93E+11,4.16E+11,4.21E+11,4.59E+11,4.68E+11,4.85E+11,5.15E+11,6.08E+11,7.09E+11,8.20E+11,9.40E+11,1.22E+12,1.20E+12,1.34E+12,1.68E+12,1.82E+12,1.83E+12,1.86E+12,2.04E+12,2.10E+12,2.29E+12,2.65E+12,2.70E+12,2.84E+12,2.67E+12,3.17E+12,3.35E+12,3.55E+12,5.98
37,Indonesia,7163,2525,4638,0.00056,0.00052,4.00E-04,1,0,0,0,NA,NA,NA,NA,NA,NA,NA,5667756628,7076465300,8337423313,9150684932,9333536370,10997590361,16273253012,25802409639,30463855422,37269156627,45808915663,51455719076,51400186343,72482337397,85518233419,90158449295,81052283384,84853700028,85289488375,79954072545,75929617558,84300174486,94451427877,1.06E+11,1.17E+11,1.28E+11,1.58E+11,1.77E+11,2.02E+11,2.27E+11,2.16E+11,95445547873,1.40E+11,1.65E+11,1.60E+11,1.96E+11,2.35E+11,2.57E+11,2.86E+11,3.65E+11,4.32E+11,5.10E+11,5.40E+11,7.55E+11,8.93E+11,9.18E+11,9.13E+11,8.91E+11,8.61E+11,9.32E+11,1.02E+12,1.04E+12,1.12E+12,1.06E+12,1.19E+12,1.32E+12,1.37E+12,7.72
38,Iraq,6320,2470,3850,0.00063,0.00063,4.00E-04,1,0,0,0,1537252192,1671960965,1784174541,1805901510,2136408198,2335785506,2530306096,2551522657,2896598841,3007758797,3281318687,3865346535,4113848002,5134367778,11516762614,13458516763,17754825601,19838130715,23762275652,37816457839,5.26E+10,3.78E+10,42382333333,40712903226,46938387097,48425161290,47264516129,56774193548,62684516129,65831935484,1.80E+11,407796349.7,553671957.7,1031944881,3991349283,12894029888,10433698621,20764857056,20617405044,36881601584,48364250944,36176430129,32928454672,21921569479,36633669269,50065104668,65147051918,88837057320,1.32E+11,1.12E+11,1.39E+11,1.86E+11,2.18E+11,2.35E+11,2.28E+11,1.67E+11,1.67E+11,1.87E+11,2.27E+11,2.34E+11,1.81E+11,2.10E+11,2.87E+11,2.51E+11,7.99
39,Ireland,7826,2732,5094,0.00124,0.00104,0.00073,1,1,1,1,1998550222,2151772980,2329372972,2505073358,2851091646,3035655794,3198820904,3445739915,3378701147,3902721632,4395995086,5098250287,6318060582,7481173066,7896860615,9483808362,9453756015,11248340431,14647996074,18319334300,21747855640,20670190138,21474752962,20766047764,20106648455,21270013326,28714571852,33920518493,37772896221,39238392678,49305632408,49787501584,55918538121,52417477614,57097656066,69139823232,75790786290,82856648758,90199410116,98893958263,1.00E+11,1.09E+11,1.29E+11,1.65E+11,1.94E+11,2.12E+11,2.32E+11,2.70E+11,2.75E+11,2.36E+11,2.22E+11,2.39E+11,2.25E+11,2.38E+11,2.60E+11,2.92E+11,2.99E+11,3.37E+11,3.87E+11,3.99E+11,4.29E+11,5.13E+11,5.33E+11,5.46E+11,16.15
40,Israel,5882,2157,3725,0.00153,0.00128,0.00081,0,1,1,1,3052993636,3687339032,2949160177,3515690733,4001288352,4304281997,4676353690,4735101852,5427155199,6261770753,7364277925,7012333173,9168824838,11835802405,17075130883,16050008787,15864905769,18153376716,17599385989,22480105812,25249789920,26727967130,29087663989,32488543974,30470017331,28740117286,35628837312,42802884825,52349277417,52142996978,61661395509,70591957102,79002421133,79398331245,90220195074,1.05E+11,1.15E+11,1.19E+11,1.20E+11,1.21E+11,1.36E+11,1.35E+11,1.25E+11,1.31E+11,1.40E+11,1.47E+11,1.59E+11,1.84E+11,2.21E+11,2.12E+11,2.38E+11,2.67E+11,2.62E+11,2.98E+11,3.14E+11,3.03E+11,3.22E+11,3.58E+11,3.77E+11,4.02E+11,4.13E+11,4.89E+11,5.25E+11,5.10E+11,12.67
41,Italy,7633,2366,5267,0.00113,0.00092,0.00064,1,0,1,1,41915814948,46542216715,52293346805,59897871868,65569646710,70554398250,76446251295,84207912986,91275077145,1.01E+11,1.13E+11,1.25E+11,1.45E+11,1.75E+11,2.00E+11,2.28E+11,2.25E+11,2.58E+11,3.15E+11,3.94E+11,4.77E+11,4.31E+11,4.27E+11,4.43E+11,4.38E+11,4.52E+11,6.40E+11,8.06E+11,8.92E+11,9.29E+11,1.18E+12,1.25E+12,1.32E+12,1.06E+12,1.10E+12,1.17E+12,1.31E+12,1.24E+12,1.27E+12,1.25E+12,1.15E+12,1.17E+12,1.28E+12,1.58E+12,1.81E+12,1.86E+12,1.95E+12,2.21E+12,2.41E+12,2.20E+12,2.14E+12,2.29E+12,2.09E+12,2.14E+12,2.16E+12,1.84E+12,1.88E+12,1.96E+12,2.09E+12,2.01E+12,1.90E+12,2.15E+12,2.07E+12,2.25E+12,14
42,Japan,7149,2696,4453,0.00086,0.00064,0.00043,1,0,0,0,47419238274,57266758180,64987857542,74379284603,87490590818,97338107606,1.13E+11,1.32E+11,1.57E+11,1.84E+11,2.17E+11,2.45E+11,3.25E+11,4.41E+11,4.90E+11,5.33E+11,5.99E+11,7.37E+11,1.04E+12,1.08E+12,1.13E+12,1.25E+12,1.16E+12,1.27E+12,1.35E+12,1.43E+12,2.12E+12,2.58E+12,3.13E+12,3.11E+12,3.19E+12,3.65E+12,3.98E+12,4.54E+12,5.00E+12,5.55E+12,4.92E+12,4.49E+12,4.10E+12,4.64E+12,4.97E+12,4.37E+12,4.18E+12,4.52E+12,4.89E+12,4.83E+12,4.60E+12,4.58E+12,5.11E+12,5.29E+12,5.76E+12,6.23E+12,6.27E+12,5.21E+12,4.90E+12,4.44E+12,5.00E+12,4.93E+12,5.04E+12,5.12E+12,5.06E+12,5.03E+12,4.26E+12,4.21E+12,10.28
43,Jordan,6479,2471,4008,0.00062,0.00062,0.00039,1,0,0,0,NA,NA,NA,NA,NA,599759760.1,657999736.8,631679747.3,561119775.6,698879720.4,639519744.2,678159728.7,788479684.6,943783839.7,1197483949,1363073498,1708521219,2096778602,2602208589,3271368781,3910044474,4383944703,4681240993,4920692191,4967162160,4993601520,6402050485,6756209762,6277451829,4221373674,4160087508,4344467193,5310833194,5606400222,6236295978,6727597032,6927503526,7245839210,7912270804,8149929478,8460789845,8975814653,9582510578,10195627645,11411706629,12588998590,15056981664,17110437236,22658715989,24537876056,27133804225,29524149155,31634561690,34454440141,36847643521,38587017887,39892551127,41608435915,43370860704,44502816901,43700383099,46296100141,48653381831,50813642349,7.99
44,Kenya,2339,1502,837,0.00101,0.00117,0.00092,0,0,1,1,791265459.5,792959472.8,868111400.8,926589349.4,998759334.5,997919320.8,1164519674,1232559507,1353295459,1458379417,1603447359,1778391289,2107279157,2509001324,2969958812,3259345083,3474542392,4494378764,5303735111,6234391113,7265315820,6854491706,6431579357,5979198314,6191437070,6135034214,7239126568,7970820369,8355380879,8283114514,8572359038,8151488783,8209120763,5751786643,7148148564,9046320255,12045865396,13115764358,14093998844,12896010459,12705350098,12986007426,13147736899,14904517650,16095337094,18737895513,25825512284,31958195182,35895153328,42347217913,45405615064,46869473151,56396704672,61671440408,68285796514,70120446897,74815144164,82036510877,92202979985,1.00E+11,1.01E+11,1.10E+11,1.13E+11,1.07E+11,4.52
45,Kuwait,6498,2476,4022,0.00123,0.00077,0.00058,1,1,0,0,NA,NA,1828107503,1900895857,2071668533,2097199161,2391199044,2441599023,2662798935,2769198892,2873638851,3880392195,4450537925,5408804607,13006948296,12022811621,13132252802,14137406741,15503557496,24749063922,28638868356,25058020338,21577153356,20871081080,21700082753,21445970614,17903989745,22368704134,20690322153,24313855653,18427777778,11009993703,19858555215,23941391391,24848483838,27186980647,31492373309,30350190704,25943705784,30122365849,37718743480,34889559870,38135788414,47874582232,59439090601,80798630137,1.02E+11,1.15E+11,1.47E+11,1.06E+11,1.15E+11,1.54E+11,1.74E+11,1.74E+11,1.63E+11,1.15E+11,1.09E+11,1.21E+11,1.38E+11,1.39E+11,1.08E+11,1.42E+11,1.83E+11,1.62E+11,9.99
46,Latvia,8267,2638,5629,0.00105,0.00065,0.00039,1,0,0,0,NA,NA,NA,NA,NA,NA,NA,NA,NA,NA,NA,NA,NA,NA,NA,NA,NA,NA,NA,NA,NA,NA,NA,NA,NA,NA,NA,NA,NA,NA,NA,NA,NA,NA,NA,5789128637,5975248851,6527926446,7166275468,7533788134,7958852839,8362398702,9557031605,11771975157,14435700533,17003459863,21570076499,31054350978,35854274229,26410909091,23956163077,27474380566,28169902669,30204783462,31386896487,27263090547,28083597512,30483806018,34429023435,34225547537,34390910339,39443126174,40422521943,43627078481,10.76
47,Lebanon,6544,2453,4091,0.00061,0.00061,0.00038,1,0,0,0,NA,NA,NA,NA,NA,NA,NA,NA,NA,NA,NA,NA,NA,NA,NA,NA,NA,NA,NA,NA,NA,NA,NA,NA,NA,NA,NA,NA,3313540068,2717998688,2838485354,4690415093,5843579161,7941744492,9599127050,11718795529,13690217334,15751867489,17247179006,17391056369,17260364842,17649751244,19152238806,20082918740,21159827992,21497336499,22022709851,24827355015,29118916105,35399582929,38443907042,39927125962,44016799516,46880103081,48095213747,49929337837,51147308774,53027680686,54901519156,51605959131,31712128254,23131941557,20992421949,NA,7.99
48,Libya,6251,2468,3783,0.00064,0.00064,4.00E-04,0,0,0,0,401644248.8,443905611.6,619725784.7,892327911.1,1341395422,1804979679,2312438535,2726986913,3850623096,4380987480,4601649450,5260185126,6299395545,8625889431,15112543718,14710912457,19096943016,22428297108,22136422642,30536429498,40953924949,36374353880,33760146992,33200520140,29476109152,31530566324,24180400961,26697659336,24308959592,25156707900,28904183602,31991821265,33887047909,30660051911,28610549763,25541379187,27884615385,30700897875,27251301398,35975860857,38270954138,34112093927,20481889764,26265625000,33122307692,47334691241,60094231607,68032978391,86710767415,60808562033,75380825062,48169263294,92540938129,75351107029,57372355592,48717501321,49912073701,67157452182,76686029772,72081962263,65688454972,47786789104,55938727098,50491722446,7.99
49,Liechtenstein,7921,2694,5227,0.00181,0.00147,0.00098,1,1,1,1,NA,NA,NA,NA,NA,NA,NA,NA,NA,NA,90099360.84,104889795.3,124940289.3,165928881.6,193980464.9,246389101.9,272489300.5,303493119.5,436912067.8,503173104.4,534699362.9,511647750.1,522096760.3,524023624.9,502620991.9,529073612.5,779357802.5,1052848996,1161757671,1119983801,1421509216,1484160302,1631177029,1673085245,1948129623,2428525061,2504012993,2298389803,2479699106,2664105901,2483889858,2491800559,2688618747,3070803051,3454373798,3659319117,4000102086,4601429897,5081479840,4504375348,5082337238,5739706005,5456102482,6391708311,6657526980,6268515276,6237302034,6474308718,6692620692,6436467007,6405870210,7710380086,7364654515,NA,21.48
50,Lithuania,8055,2637,5418,0.00107,0.00067,4.00E-04,1,0,0,0,NA,NA,NA,NA,NA,NA,NA,NA,NA,NA,NA,NA,NA,NA,NA,NA,NA,NA,NA,NA,NA,NA,NA,NA,NA,NA,NA,NA,NA,NA,NA,NA,NA,NA,NA,7867140395,8382519637,10118631852,11239547691,10971583945,11524776867,12237388002,14259781159,18781721376,22627507452,26097677572,30183575104,39697891352,47797551588,37388122046,37128694028,43535051482,42927454291,46523420074,48533659592,41435533340,43047309306,47758736932,53751411409,54808531641,56964942999,66798933786,71013953448,77836396963,10.76
51,Malaysia,6568,1885,4683,0.00091,0.00073,0.00045,1,0,0,0,1916229477,1901856123,2001489602,2510110348,2674423922,2956337669,3143517944,3188924677,3330371551,3664552041,3864145667,4244395956,5043347250,7662902678,9496204302,9298800799,11050234599,13139488633,16358079862,21213264962,24488224677,25004285792,26804493635,30347442111,33942897422,31199633353,27734111400,32181210158,35272109220,38847965293,44024585240,49143148094,59167550163,66894966969,74478356958,88705342903,1.01E+11,1.00E+11,72167498981,79148421053,93789736842,92783947368,1.01E+11,1.10E+11,1.25E+11,1.44E+11,1.63E+11,1.94E+11,2.31E+11,2.02E+11,2.55E+11,2.98E+11,3.14E+11,3.23E+11,3.38E+11,3.01E+11,3.01E+11,3.19E+11,3.59E+11,3.65E+11,3.37E+11,3.74E+11,4.07E+11,4.00E+11,9.65
52,Mauritius,2358,1500,858,0.00169,0.00169,0.00106,0,1,1,1,162089563.9,191757729.4,197738207.8,253839557.9,218914569.1,230024160.6,227534083.5,238439290.9,206576630.6,221553612.9,224125805,251437337.9,318664899.7,404285775.1,669894029.6,673311287.1,713510051.6,834722972.2,1029040323,1227446632,1147027924,1157769444,1092923636,1104956573,1054564759,1090611325,1482601552,1906174438,2163252449,2211312823,2689212760,2895354736,3267677814,3307302126,3606050873,4094741652,4481489762,4243755308,4225813976,4402193195,4726108622,4675755867,4906494249,5894873920,6667418752,6576108447,7028810681,8150150209,9990356674,9128843109,10003670690,11518413430,11668696397,12292974141,13074129952,12007291046,12594155464,13713506131,14735695931,14436346980,11408106446,11484348766,12927979286,14397127281,7.99
53,Mexico,6759,2607,4152,0.00115,0.00091,0.00062,1,0,0,1,1.30E+10,1.42E+10,1.52E+10,1.70E+10,2.01E+10,2.18E+10,2.43E+10,2.66E+10,2.94E+10,3.25E+10,3.55E+10,3.92E+10,4.52E+10,5.53E+10,7.20E+10,8.80E+10,88875923765,81912018784,1.03E+11,1.35E+11,2.06E+11,2.64E+11,1.85E+11,1.56E+11,1.84E+11,1.95E+11,1.35E+11,1.48E+11,1.82E+11,2.21E+11,2.61E+11,3.13E+11,3.63E+11,5.30E+11,5.54E+11,3.80E+11,4.32E+11,5.23E+11,5.57E+11,6.31E+11,7.42E+11,7.96E+11,8.11E+11,7.66E+11,8.19E+11,9.18E+11,1.02E+12,1.10E+12,1.16E+12,9.43E+11,1.11E+12,1.23E+12,1.26E+12,1.33E+12,1.36E+12,1.21E+12,1.11E+12,1.19E+12,1.26E+12,1.31E+12,1.12E+12,1.31E+12,1.46E+12,1.79E+12,12.62
54,Moldova,6087,2176,3911,0.00142,0.00089,0.00053,0,1,0,0,NA,NA,NA,NA,NA,NA,NA,NA,NA,NA,NA,NA,NA,NA,NA,NA,NA,NA,NA,NA,NA,NA,NA,NA,NA,NA,NA,NA,NA,NA,3571250000,3083333333,2320435308,2371711383,1702292856,1752979926,1695122174,1930081169,1698717505,1170782957,1288429392,1480673594,1661818168,1980907435,2598249556,2988342907,3408255451,4401173152,6054824248,5439434272,6974982370,8414352020,8709138635,9496717876,9402090138,7797667197,7980917076,9514404016,11252353421,11736797055,11530746234,13691869264,14510490660,16539436547,10.76
55,Monaco,6698,2659,4039,0.00178,0.00109,0.00081,1,1,1,1,NA,NA,NA,NA,NA,NA,NA,NA,NA,NA,293127333.2,327706210.4,402451900.8,523554039.2,563949254.1,711978961.9,735324244.7,811191392.2,1000555218,1209870147,1378175524,1205188648,1143216457,1092560365,1037329604,1082867507,1515234743,1839081463,2000704745,2010083833,2481307077,2480540845,2737049231,2574494356,2720332135,3130309995,3137886995,2840195190,2934593468,2907118641,2654462665,2673723034,2919647982,3597089751,4043551489,4204652899,4586826513,5875790766,6502942245,5474379252,5367561570,6088689808,5742749294,6555591710,7069353073,6261649891,6465645585,6431271365,7182444410,7383944044,6739645416,8626081321,8784002932,NA,14.54
56,Morocco,6601,2472,4129,0.00054,5.00E-04,0.00037,1,0,0,0,2037154742,2025693540,2379611125,2657252578,2798345299,2948331090,2876401297,3046345314,3271422333,3651622669,3956336244,4356669034,5074117545,6242145880,7675466449,8984853005,9584297284,11049783872,13236946234,15911994817,21728516153,17788185479,17692276734,16251408128,14824667954,14991283216,19462085540,21765195948,25705296184,26314313191,30179954775,32285573574,33711069431,31655473664,35604137423,39030285468,43161571528,39147844526,46497608725,46266428648,43017455402,43831480208,47077192188,58029363354,66114145451,68852658069,75883823301,86947913287,1.02E+11,1.01E+11,1.01E+11,1.10E+11,1.07E+11,1.16E+11,1.19E+11,1.10E+11,1.12E+11,1.19E+11,1.27E+11,1.29E+11,1.21E+11,1.42E+11,1.31E+11,1.41E+11,6.41
57,Mozambique,2319,1448,871,0.00172,0.00172,0.00108,0,1,1,1,NA,NA,NA,NA,NA,NA,NA,NA,NA,NA,NA,NA,NA,NA,NA,NA,NA,NA,NA,NA,NA,NA,NA,NA,NA,NA,NA,NA,NA,NA,NA,3854856435,2798696511,2883161897,2958108170,3061646174,4030146135,4873663775,5551118149,6285219691,5930685215,5650154067,5950769427,6583526861,7937255565,8868504900,9509835537,10811456006,12920340965,12263894790,11411894724,14619279989,16688114144,17198073057,17978246586,16208985770,12069051237,13264640646,15017359042,15512758965,14235420174,16168055475,18406835495,20624597847,7.99
58,Netherlands,6859,2675,4184,0.00142,0.0011,0.00075,1,1,1,1,13263458995,14578381188,15824293506,17168477020,20202316519,22688478855,24705121842,27103938851,30053405731,34035946909,38164716625,44579122807,54706557264,71840909664,87243413395,1.00E+11,1.09E+11,1.27E+11,1.56E+11,1.80E+11,1.95E+11,1.64E+11,1.58E+11,1.53E+11,1.44E+11,1.44E+11,2.01E+11,2.45E+11,2.62E+11,2.58E+11,3.18E+11,3.28E+11,3.63E+11,3.54E+11,3.79E+11,4.52E+11,4.50E+11,4.17E+11,4.38E+11,4.47E+11,4.17E+11,4.32E+11,4.74E+11,5.80E+11,6.58E+11,6.85E+11,7.34E+11,8.49E+11,9.52E+11,8.72E+11,8.47E+11,9.05E+11,8.39E+11,8.77E+11,8.92E+11,7.66E+11,7.84E+11,8.34E+11,9.14E+11,9.10E+11,9.10E+11,1.03E+12,1.01E+12,1.12E+12,12.92
59,New Zealand,7128,2704,4424,0.00128,9.00E-04,6.00E-04,1,1,0,0,5536098606,5721995118,6133158805,6699741943,7340766741,5706251654,5917437956,6016017494,5228045647,5814357967,6495605619,7911136757,9567331065,12802281898,13940981798,12861983284,13604832424,15446825318,18530518395,20731243113,23244547385,24417617184,24164603059,24309279706,21665975319,24679795396,30604668357,40376354070,45176811594,43920222525,45495129385,42745329732,41649829860,46775620817,55314732279,63918703507,70140835299,66075143415,56227169851,58762260626,52623281957,53872425917,66627729311,88250885550,1.04E+11,1.15E+11,1.12E+11,1.37E+11,1.33E+11,1.21E+11,1.47E+11,1.68E+11,1.76E+11,1.91E+11,2.01E+11,1.78E+11,1.89E+11,2.07E+11,2.12E+11,2.13E+11,2.13E+11,2.54E+11,2.47E+11,2.53E+11,11.32
60,Nicaragua,6239,2603,3636,0.00064,0.00048,0.00032,0,0,0,0,NA,NA,NA,NA,NA,NA,NA,NA,NA,NA,NA,NA,NA,NA,NA,NA,NA,NA,NA,NA,NA,NA,NA,NA,NA,NA,NA,NA,647249804.7,987064516.1,1110472676,1690713684,1792800000,1912586293,3861518690,4131909868,4308096533,4389965591,4635354832,4856005699,5109583827,5351768844,5223736466,5322243502,5792949922,6321335612,6763688105,7423421958,8496946608,8298679909,8758592272,9774307336,10531964139,10982938826,11880434071,12756706583,13286118584,13785943183,13025239912,12699046245,12681548304,14144067556,15649934215,17829215284,5.99
61,Niger,2388,1519,869,0.00167,0.00167,0.00105,0,1,1,1,449526873.3,485785231,531736599.3,586294878.7,582816396.4,673383510.8,702296078.6,665586872.3,641214226.2,625867985.3,649916621.2,693573703.6,742779660.8,946385105.2,1026137111,1048690933,1064517601,1291458041,1774365590,2109277666,2508524721,2170893414,2017612216,1803099561,1461243326,1440581652,1904096998,2233006105,2280356193,2179567114,3512356508,3285796875,3386232579,3052673849,1938058175,2302537562,2405686940,2290318910,2643363519,2537789821,2241753193,2448714704,2782192879,3394084732,3760443738,4383315965,4756361252,5731485052,7297600226,7352131310,7851192502,8772950778,9426912648,10224897438,10862943544,9683867926,10398861982,11185104252,12837307497,12889555561,13744653103,14915002436,15433852712,16819170421,7.99
62,Nigeria,2378,1525,853,0.00077,0.00053,0.00033,0,0,0,0,4196174502,4467287893,4909399176,5165590254,5552931319,5874537650,6366917453,5203237919,5200997920,6634317346,12546094982,9181769912,12274416018,15162871287,24846641318,27778934625,36308883249,36035407725,36527862209,47259911894,64201788123,1.64E+11,1.43E+11,97094911792,73484359521,73745821158,54805852581,52676041931,49648470440,44003061108,54035795388,59526833412,52058181854,56721051402,80399613064,1.41E+11,1.86E+11,2.01E+11,2.18E+11,59145077039,69171451627,73557840064,95054059303,1.05E+11,1.36E+11,1.76E+11,2.38E+11,2.78E+11,3.39E+11,2.95E+11,3.67E+11,4.14E+11,4.64E+11,5.20E+11,5.74E+11,4.93E+11,4.05E+11,3.76E+11,4.22E+11,4.75E+11,4.32E+11,4.41E+11,4.73E+11,3.63E+11,4.48
63,Norway,7359,2209,5150,0.00113,0.00069,5.00E-04,1,0,0,0,5197398721,5669689210,6107076929,6553269536,7206522122,8111945661,8753940267,9577383653,10227087165,11136187440,12814123115,14583114840,17358610850,22534253703,27145693810,32877805200,35942270686,41508030431,46522900254,53132244624,64439382896,63596654761,62647195538,61627240831,62057955033,65416879914,78693118044,94229907236,1.02E+11,1.03E+11,1.20E+11,1.22E+11,1.31E+11,1.21E+11,1.27E+11,1.52E+11,1.64E+11,1.61E+11,1.54E+11,1.62E+11,1.71E+11,1.74E+11,1.96E+11,2.29E+11,2.65E+11,3.10E+11,3.47E+11,4.03E+11,4.65E+11,3.88E+11,4.31E+11,5.01E+11,5.13E+11,5.26E+11,5.02E+11,3.88E+11,3.71E+11,4.02E+11,4.40E+11,4.09E+11,3.68E+11,5.03E+11,5.94E+11,4.86E+11,9.99
64,Oman,6525,2481,4044,0.00129,8.00E-04,6.00E-04,1,1,0,0,NA,NA,NA,NA,NA,63279974.69,67759972.9,107151832.5,188879848.9,239999808,256319794.9,301010587.1,366883548.3,483066990.6,1645917776,2096699189,2560220035,2741169948,2740301390,3733352635,5981760278,7259120151,7554719456,7932541691,8821443151,10005645420,7324167369,7811183095,8386215865,9372171651,11685045514,11341482445,12452275683,12493107932,12918855657,13802600780,15277763329,15837451235,13996914694,15593456177,19507452536,19452000520,20142756047,21633708192,24763712874,31081991678,37215779714,42085379454,60905452536,48388363589,64993498049,77497529259,87408842653,89936020806,92699089727,78710793238,75128738622,80856697009,91505851756,88060858257,75909397659,88191977373,1.15E+11,1.08E+11,10.49
65,Pakistan,6863,2675,4188,0.00024,0.00021,0.00014,1,0,0,0,3749265015,4118647627,4310163797,4630827383,5204955901,5929231415,6561108778,7464510710,8041999160,8683116338,10027509450,10665896682,9415016360,6383429490,8899191919,11230606061,13168080808,15126060606,17811515152,19688383838,23654444444,28100606061,30725971564,28691889764,31151825467,31144920844,31899070056,33351529275,38472742808,40171106279,40010423970,45625336680,48884671947,51809999353,52293470813,60636071684,63320170084,62433340468,62191955814,62973857069,99484802345,97145618480,97923302809,1.12E+11,1.32E+11,1.45E+11,1.62E+11,1.84E+11,2.02E+11,1.87E+11,1.97E+11,2.31E+11,2.50E+11,2.59E+11,2.71E+11,3.00E+11,3.14E+11,3.39E+11,3.56E+11,3.21E+11,3.00E+11,3.49E+11,3.75E+11,3.38E+11,2.82
66,Panama,6376,2609,3767,0.00078,7.00E-04,0.00051,1,0,0,0,537147100,599026300,652120900,722784500,776137500,852485300,928833000,1034376400,1112791100,1221305700,1351006400,1523917200,1673411700,1913793400,2188307600,2435304100,2588106000,2738261900,3244558600,3704551600,4614086400,5222421500,5769767900,5923755900,6183387100,6541517100,6797834200,6827665300,5902783400,5918469800,6433967000,7074675500,8042337700,8782585400,9365289800,9573813700,9870494000,10677286100,11575486400,12130252200,12304115000,12502013400,12994310400,13693981200,15013381700,16374393900,18141666300,21295984200,25155888600,27116635600,29440287600,34686224300,40429700000,45599900000,49921400000,54091800000,57907700000,62202700000,67294169200,69721787500,57086836900,67406738100,76522511781,83382400000,8.99
67,Paraguay,6502,2599,3903,0.00061,0.00046,0.00031,1,0,0,0,288884368,322053713.2,360698412.7,383904761.9,408349206.3,443587301.6,465888888.9,492674603.2,517650793.7,556293650.8,594611111.1,664571428.6,769039682.5,995531746,1333475397,1511420635,1698960317,2092158730,2559857143,3416777778,4448087302,5624515873,5419411765,5673248726,4502462807,3282449236,3723993943,3971044724,4255683528,4757732200,5812114523,6984367763,7157424031,7249533620,7870982005,9062131475,9788391781,9965225678,9260481572,8837070236,8855705140,8495806432,7196260657,7691367471,9624440836,10737500188,13429430050,17856393235,24615267664,22355151162,27260886405,33756238767,33271921136,38501122141,40377929296,36211447840,36089700223,38997129474,40225448341,37925338329,35432178068,39950899939,41952910858,42956263544,5.99
68,Peru,6537,2631,3906,0.00101,0.00071,0.00045,1,0,0,0,NA,NA,NA,NA,NA,NA,NA,NA,NA,NA,NA,NA,NA,NA,NA,NA,NA,NA,NA,NA,NA,NA,15203143381,14124541993,20339340469,15044388198,21777475654,36533467759,15439408447,22499558526,26410386963,34341465998,35966302303,34832077221,44882079767,53312793687,55252414130,58147522523,55501467877,50187324568,51744749133,52030158775,54777553515,58731030122,66768703498,76060606061,88643193062,1.02E+11,1.21E+11,1.21E+11,1.48E+11,1.72E+11,1.93E+11,2.01E+11,2.01E+11,1.90E+11,1.92E+11,2.11E+11,2.23E+11,2.28E+11,2.01E+11,2.26E+11,2.46E+11,2.68E+11,9.28
69,Philippines,7703,2946,4757,0.00055,0.00044,0.00031,1,0,0,0,7515894111,8171194425,4954593072,5505023238,5953756195,6517349772,7189017888,7724873935,8632749269,9571800653,7559115517,8375075630,9067815521,11412449735,15607882555,16875240684,19381055197,22283109803,25762224563,31218296292,36848080899,40499388869,42206011275,37759179895,35730185634,34961486348,33987207295,37791488666,43152128959,48513773721,50508286642,51784144943,60422328242,62036529147,73159336915,84644328727,94648084429,94106317565,74492416330,85640171045,83669788255,78921234458,84307345888,87039092974,95001999685,1.07E+11,1.28E+11,1.56E+11,1.82E+11,1.76E+11,2.08E+11,2.34E+11,2.62E+11,2.84E+11,2.97E+11,3.06E+11,3.19E+11,3.28E+11,3.47E+11,3.77E+11,3.62E+11,3.94E+11,4.04E+11,4.37E+11,7.19
70,Poland,7408,2333,5075,0.001,0.00074,0.00051,1,0,0,0,NA,NA,NA,NA,NA,NA,NA,NA,NA,NA,NA,NA,NA,NA,NA,NA,NA,NA,NA,NA,NA,NA,NA,NA,NA,NA,NA,NA,NA,NA,65977748211,85500935935,94337050693,96043157273,1.11E+11,1.42E+11,1.60E+11,1.59E+11,1.75E+11,1.70E+11,1.72E+11,1.91E+11,1.99E+11,2.18E+11,2.55E+11,3.06E+11,3.45E+11,4.29E+11,5.34E+11,4.40E+11,4.76E+11,5.24E+11,4.95E+11,5.16E+11,5.39E+11,4.77E+11,4.70E+11,5.25E+11,5.89E+11,5.96E+11,5.99E+11,6.81E+11,6.90E+11,8.11E+11,10.68
71,Portugal,7789,2289,5500,0.00111,0.00083,0.00056,1,0,0,0,3339150158,3573719085,3835883663,4084251593,4429202657,4901711248,5370108031,6002607030,6644693214,7287555035,8108235704,9201604240,11239117865,15090564186,17512391476,19347607843,20332831565,21439523311,23487614051,26622819672,32896519824,31977276873,30527754793,27239650742,25217969050,27115807742,38745901354,48182925857,56347250696,60594092182,78713860217,89233599278,1.08E+11,95009751901,99688641304,1.18E+11,1.23E+11,1.17E+11,1.24E+11,1.27E+11,1.19E+11,1.22E+11,1.35E+11,1.65E+11,1.89E+11,1.97E+11,2.09E+11,2.40E+11,2.63E+11,2.45E+11,2.38E+11,2.45E+11,2.16E+11,2.26E+11,2.30E+11,1.99E+11,2.06E+11,2.21E+11,2.42E+11,2.40E+11,2.29E+11,2.56E+11,2.55E+11,2.87E+11,12.92
72,Qatar,6479,2481,3998,0.00123,0.00077,0.00058,1,1,0,0,NA,NA,NA,NA,NA,NA,NA,NA,NA,NA,301791301.8,387703105.5,510262500.2,793885560,2401403227,2512773166,3284273987,3617564638,4052000413,5632962997,7829165262,8661263764,7596703214,6467582308,6704395824,6153296456,5053021951,5446428681,6038187033,6487912088,7360439423,6883516484,7646153984,7156593654,7374450769,8137911978,9059340385,11297802115,10255495027,12393131868,17759890110,17538461538,19363736264,23533791209,31734065934,44530494505,60882142857,79712087912,1.15E+11,97798351648,1.25E+11,1.68E+11,1.87E+11,1.99E+11,2.06E+11,1.62E+11,1.52E+11,1.61E+11,1.83E+11,1.76E+11,1.44E+11,1.80E+11,2.36E+11,NA,9.99
73,Romania,7930,2218,5712,0.00068,0.00068,0.00041,1,0,0,0,NA,NA,NA,NA,NA,NA,NA,NA,NA,NA,NA,NA,NA,NA,NA,NA,NA,NA,NA,NA,NA,NA,NA,NA,NA,NA,NA,38067567568,40424528302,41450777202,38247882300,28850634900,25121666667,26361160450,30072805104,37430162103,36937074278,35575214078,41696091974,35953156754,37253739511,40395116581,46065502703,57806384143,74973656852,98454380120,1.22E+11,1.75E+11,2.14E+11,1.74E+11,1.70E+11,1.93E+11,1.79E+11,1.90E+11,2.00E+11,1.78E+11,1.85E+11,2.10E+11,2.43E+11,2.51E+11,2.51E+11,2.86E+11,2.99E+11,3.51E+11,10.76
74,San Marino,6124,2333,3791,0.00141,0.00115,8.00E-04,0,1,1,1,NA,NA,NA,NA,NA,NA,NA,NA,NA,NA,NA,NA,NA,NA,NA,NA,NA,NA,NA,NA,NA,NA,NA,NA,NA,NA,NA,NA,NA,NA,NA,NA,NA,NA,NA,NA,NA,NA,NA,1109098658,1005159388,1077413479,1168269231,1464326161,1723750000,1785847531,1908167106,2185874624,2393437820,2056126702,1881191950,1813717695,1604701051,1678741202,1673910988,1419400404,1468342431,1528621195,1655354304,1616188702,1541247884,1855382833,NA,NA,14
75,Saudi Arabia,6537,2477,4060,0.00131,0.00088,0.00062,1,1,0,1,1748124063,1920811284,2130606532,2207393171,2371808713,2647955558,2920555557,3257022223,4187777711,4485777644,5377333333,7184806909,9664267087,14947435499,45412957746,46773208643,64005665722,74188986586,80266516687,1.12E+11,1.65E+11,1.84E+11,1.53E+11,1.29E+11,1.20E+11,1.04E+11,86961922765,85695861148,88256074766,95344459279,1.18E+11,1.32E+11,1.37E+11,1.33E+11,1.35E+11,1.43E+11,1.59E+11,1.66E+11,1.47E+11,1.62E+11,1.90E+11,1.84E+11,1.90E+11,2.16E+11,2.59E+11,3.28E+11,3.77E+11,4.16E+11,5.20E+11,4.29E+11,5.28E+11,6.77E+11,7.42E+11,7.54E+11,7.67E+11,6.69E+11,6.66E+11,7.15E+11,8.47E+11,8.39E+11,7.34E+11,8.74E+11,1.11E+12,1.07E+12,11.47
76,Senegal,2425,1541,884,0.00165,0.00165,0.00103,0,1,1,1,1003692370,1058975257,1085475791,1122139862,1188930645,1210058228,1246908186,1246480766,1309384862,1245234931,1297407655,1339549033,1620857104,1863398590,2099325229,2830388405,2869777884,2938046463,3280354921,4084877823,4510108291,4095892781,4013951443,3569356125,3485165432,3818944918,5392093446,6487353103,6418419389,6366039373,7390967360,7255210470,7769817840,7367986241,5034588196,6326342633,6559712166,6041478726,6505607909,6592834933,6013185004,6507824829,7006402320,8768721563,10076816667,11009033438,11697918243,13994218413,16853989628,16145867495,16121315909,17814283639,17660870412,18918667725,19797253440,17774766696,19040312333,20996562944,23116701556,23403995992,24530513038,27520784130,27619479060,31013986429,7.99
77,Serbia,6802,2557,4245,0.00079,0.00064,4.00E-04,1,0,0,0,NA,NA,NA,NA,NA,NA,NA,NA,NA,NA,NA,NA,NA,NA,NA,NA,NA,NA,NA,NA,NA,NA,NA,NA,NA,NA,NA,NA,NA,NA,NA,NA,NA,19374911220,20302145339,16832598870,21818007449,25676488000,19457979423,19388663551,6875845987,12960546471,17120906918,22482365322,26141968161,27683225959,32482070360,43170990616,52194221469,45162894381,41819468692,49258136129,43309252921,48394239475,47062202419,39655949731,40692661657,44179075779,50640662859,51514242939,53356484591,63101042898,63563410721,75187125427,8.61
78,Seychelles,1661,1006,655,0.0024,0.00241,0.0015,0,1,1,1,12012024.62,11592023.76,12642025.92,13923028.54,15393031.56,15603031.99,16443033.71,16632032.13,16074027.65,16452028.3,18432031.7,21965950.77,30645122.92,36896280.48,43134496.16,47803145.95,49278981.76,64526401.46,85552365.8,127261099.2,156783829.5,163750728.2,157211789.7,156098237,160992921,179691482.7,221147061.3,265212956.9,301985618.1,324333366.5,392163560.9,398307169.9,461409398.9,504230620.6,517570058.2,540733047.7,535250347.1,598966982.4,647287375.8,662838614.9,654212394.3,662064155.9,742134837.5,750847230.1,893012218.2,977899381.8,1081441283,1077308814,979597394.3,850901620.4,981616542.3,1058918707,1089407839,1333160407,1387577870,1432403352,1568513348,1675370641,1784313927,1868690097,1382551752,1487173795,2057968520,2141450171,7.99
79,Singapore,7450,2875,4575,0.00139,0.00099,0.00065,1,1,1,1,704751700.3,764629788.1,826239211.8,917608012.5,894153311.4,974644096.1,1096425608,1238035816,1425706091,1659893768,1920574150,2263785444,2721440981,3696213333,5221534956,5633673930,6327077974,6618585074,7517176355,9296921724,11896256783,14175228844,16084252378,17784112150,19749361098,19156532746,18586746057,20919215578,25371462488,30465364739,36144336769,45466164978,52131320033,60603815716,73688724431,87812540788,96293086513,1.00E+11,85728207782,86286849755,96076539926,89793790670,92538372870,97646401096,1.15E+11,1.28E+11,1.49E+11,1.81E+11,1.94E+11,1.94E+11,2.40E+11,2.79E+11,2.95E+11,3.08E+11,3.15E+11,3.08E+11,3.19E+11,3.43E+11,3.77E+11,3.77E+11,3.49E+11,4.34E+11,4.98E+11,5.01E+11,13.02
80,Slovenia,8298,2653,5645,0.00059,0.00052,0.00033,1,0,0,0,NA,NA,NA,NA,NA,NA,NA,NA,NA,NA,NA,NA,NA,NA,NA,NA,NA,NA,NA,NA,NA,NA,NA,NA,NA,NA,NA,NA,NA,NA,19817923036,14444213920,14267106464,14439020929,16389101594,21352224019,21507232649,20763101741,22146231968,22711384311,20289627637,20876309970,23489890274,29634713641,34414784504,36206395971,39481045038,48067401207,55779427740,50567734886,48208240226,51583869785,46577793184,48415657265,49997186439,43107506024,44766722791,48589100043,54177882426,54386654314,53734526854,61832201544,60063475466,68216781411,8.61
81,South Africa,6634,2671,3963,0.00082,0.00066,0.00041,1,0,0,0,8748596501,9225996310,9813996074,10854195658,11955995218,13068994772,14211394315,15821393671,17124793150,19256992297,21218391513,23411076638,24515919217,33262772008,41389186095,42906905672,41150460288,45328411332,51607412902,63038658089,89411864402,93141472164,85904057409,96204110942,84870163366,64459376087,73354771399,96535763418,1.04E+11,1.08E+11,1.26E+11,1.35E+11,1.47E+11,1.47E+11,1.54E+11,1.72E+11,1.63E+11,1.69E+11,1.53E+11,1.52E+11,1.52E+11,1.35E+11,1.29E+11,1.97E+11,2.56E+11,2.89E+11,3.04E+11,3.33E+11,3.16E+11,3.30E+11,4.17E+11,4.58E+11,4.34E+11,4.01E+11,3.81E+11,3.47E+11,3.24E+11,3.81E+11,4.05E+11,3.89E+11,3.38E+11,4.20E+11,4.05E+11,3.78E+11,8.41
82,Spain,7831,2407,5424,0.00111,9.00E-04,0.00062,1,0,0,1,12433394725,14248303793,16621504913,19645746986,21982577365,25497831759,29580564480,32594186212,32417481065,37117200724,40992995008,46619420359,59132415221,78639525985,97274006346,1.15E+11,1.19E+11,1.32E+11,1.61E+11,2.15E+11,2.33E+11,2.03E+11,1.96E+11,1.71E+11,1.72E+11,1.81E+11,2.51E+11,3.19E+11,3.76E+11,4.15E+11,5.37E+11,5.77E+11,6.31E+11,5.25E+11,5.31E+11,6.15E+11,6.43E+11,5.90E+11,6.19E+11,6.35E+11,5.98E+11,6.28E+11,7.09E+11,9.07E+11,1.07E+12,1.15E+12,1.26E+12,1.47E+12,1.63E+12,1.49E+12,1.42E+12,1.48E+12,1.32E+12,1.36E+12,1.37E+12,1.20E+12,1.23E+12,1.31E+12,1.42E+12,1.39E+12,1.28E+12,1.45E+12,1.42E+12,1.58E+12,14
83,Sweden,7559,2221,5338,0.00124,0.00081,0.00056,1,1,0,0,15953203853,17354781171,18821353529,20371666154,22718426804,25000191834,27194141951,29517675437,31323283317,34016617942,38092452061,41566412923,48954145809,59404966684,66013338965,82885397621,89362071673,94468740851,1.04E+11,1.23E+11,1.42E+11,1.30E+11,1.14E+11,1.05E+11,1.09E+11,1.14E+11,1.50E+11,1.83E+11,2.07E+11,2.18E+11,2.62E+11,2.74E+11,2.84E+11,2.13E+11,2.29E+11,2.67E+11,2.92E+11,2.68E+11,2.71E+11,2.74E+11,2.63E+11,2.42E+11,2.67E+11,3.34E+11,3.85E+11,3.92E+11,4.23E+11,4.91E+11,5.18E+11,4.37E+11,4.96E+11,5.74E+11,5.52E+11,5.87E+11,5.82E+11,5.05E+11,5.16E+11,5.41E+11,5.55E+11,5.34E+11,5.47E+11,6.40E+11,5.90E+11,5.93E+11,12.32
84,Switzerland,7541,2547,4994,0.0019,0.00154,0.00103,1,1,1,1,10412232621,11713348834,12989649694,14283872299,15833133858,16780226225,18019402374,19397044714,20712102794,22442043274,24998066773,30040171751,36844318854,49550006320,57103011446,65466081819,68476524644,73135771167,1.02E+11,1.15E+11,1.23E+11,1.12E+11,1.15E+11,1.15E+11,1.09E+11,1.11E+11,1.59E+11,1.99E+11,2.16E+11,2.08E+11,2.66E+11,2.69E+11,2.80E+11,2.72E+11,3.01E+11,3.53E+11,3.40E+11,2.95E+11,3.03E+11,2.98E+11,2.79E+11,2.87E+11,3.09E+11,3.62E+11,4.04E+11,4.18E+11,4.42E+11,4.91E+11,5.67E+11,5.54E+11,5.99E+11,7.16E+11,6.86E+11,7.06E+11,7.27E+11,6.94E+11,6.88E+11,6.95E+11,7.26E+11,7.21E+11,7.42E+11,8.13E+11,8.18E+11,8.85E+11,21.48
85,Tanzania,4653,2268,2385,0.00086,0.00086,0.00054,0,0,0,0,2651729807,2826179031,3101589993,3456579293,3748840925,3817226546,4377998825,4565132047,4895251824,5142066811,2851419386,3050673517,3472787266,4144104535,4977337978,5729917840,6472511988,7732598995,9261675710,9804637491,11409228087,13161540378,13927383240,14049883809,12906635133,15328295175,10840864521,7824193222,7406614407,6418799007,6184384225,7197768159,6681997469,6182872708,6550480484,7631431840,9433528150,11158197942,12172790056,12704334196,13371767082,13563990022,14129651896,15211487709,16673062473,18395383647,18619859795,21860434823,27947821398,29400573554,32012892919,34657140096,39650394363,45648857242,49986726461,47413919817,49774409374,53274884533,57003712892,61026731926,66068737786,70655628148,75769974505,79158286334,7.99
86,Thailand,7537,2704,4833,0.00062,0.00064,0.00038,1,0,0,0,2760750861,3034037811,3308912797,3540403457,3889129942,4388937649,5279230817,5638461442,6081009428,6695336567,7086538438,7375000024,8177873151,10838587358,13702998512,14882770594,16985208648,19779312261,24006566637,27371650825,32353514989,34846039194,36589772404,40042798388,41797647776,38900711333,43096773981,50535446555,61667253471,72250748100,85343190719,98234714971,1.11E+11,1.29E+11,1.47E+11,1.69E+11,1.83E+11,1.50E+11,1.14E+11,1.27E+11,1.26E+11,1.20E+11,1.34E+11,1.52E+11,1.73E+11,1.89E+11,2.22E+11,2.63E+11,2.91E+11,2.82E+11,3.41E+11,3.71E+11,3.98E+11,4.20E+11,4.07E+11,4.01E+11,4.13E+11,4.56E+11,5.07E+11,5.44E+11,5.00E+11,5.06E+11,4.96E+11,5.15E+11,9.9
87,Tunisia,6696,2473,4223,6.00E-04,6.00E-04,0.00037,1,0,0,0,NA,866155428.6,880027733.3,1026737600,1025866792,991047619,1040952381,1085714286,1214666667,1289904762,1439238095,1685162272,2237556149,2730813385,3545868575,4328965588,4508191942,5109324009,5968460080,7188863904,8744134354,8428445294,8133580052,8350582748,8254541195,8410226053,9017806654,9696715911,10096245762,10101851745,12290568182,13074782609,15496708060,14608335608,15633174304,18030876599,19587161807,20746210354,21802893587,22943202175,21473528161,22065832449,23141616605,27453902261,31183885241,32272186695,34376664601,38915353867,44859439902,43455740497,46206091938,48123325825,47311401813,48685446414,50271812921,45779494042,44360072680,42163530591,42686580021,41905540184,42491816476,46812290143,44579761023,48529595417,7.99
88,Uganda,1495,929,566,0.00267,0.00267,0.00167,0,1,1,1,423008385.7,441524109,449012578.6,516147798.7,589056603.8,884502310,925381492.4,967240655.2,1037379252,1168556629,1259554809,1417191656,1490970181,1701829789,2098944967,2359555556,2447300000,2936470588,2420260870,2139025000,1244610000,1337300000,2177500000,2240333333,3615647477,3519695444,3923244050,6269522042,6508931652,5276480799,4304399310,3321729160,2857457762,3220439044,3990430447,5755818842,6044585327,6269333313,6584815847,5998563258,6193246837,5840503869,6178563591,6606884275,7939487548,9239221763,9977647683,11902564495,14440404132,25127805567,26673441431,27871725241,27305915911,28915786517,32612397257,32387183730,29203988696,30744473841,32927025620,35348155095,37600368240,40529788744,45565333216,49272882214,7.99
89,Ukraine,6040,2499,3541,0.00089,0.00067,0.00045,0,0,0,0,NA,NA,NA,NA,NA,NA,NA,NA,NA,NA,NA,NA,NA,NA,NA,NA,NA,NA,NA,NA,NA,NA,NA,NA,NA,NA,NA,64904761905,74842105263,80731578947,79523809524,76666666667,73906020558,65648189144,52549580265,48213856469,44558831005,50151531592,41882523345,31580639554,32375083935,39309580983,43956163612,52010355753,67220154164,89238865119,1.12E+11,1.49E+11,1.88E+11,1.22E+11,1.41E+11,1.69E+11,1.83E+11,1.90E+11,1.34E+11,91030967789,93355869404,1.12E+11,1.31E+11,1.54E+11,1.57E+11,2.00E+11,1.62E+11,1.79E+11,8.07
90,United Arab Emirates,6557,2455,4102,0.0012,0.00081,0.00058,1,1,0,0,NA,NA,NA,NA,NA,NA,NA,NA,NA,NA,685986701.3,939893599.6,1415086929,4231243616,11651505690,14720728249,19213158779,24871775165,23775764225,31225659621,43599160050,49333424135,46622718605,42803323345,41807954236,40603650232,33943612095,36384908744,36275674203,41464995914,50701443748,51552165622,54239171888,55625170253,59305093980,65743666576,73571233996,78839008445,75674336283,84445473111,1.04E+11,1.03E+11,1.10E+11,1.24E+11,1.48E+11,1.81E+11,2.22E+11,2.58E+11,3.15E+11,2.54E+11,3.00E+11,3.61E+11,3.85E+11,4.00E+11,4.14E+11,3.70E+11,3.69E+11,3.91E+11,4.27E+11,4.18E+11,3.49E+11,4.15E+11,5.07E+11,5.04E+11,10.62
91,United Kingdom,8038,2756,5282,0.00128,0.00088,0.00072,1,1,0,1,73233967692,77741965703,81247564157,86561961812,94407558351,1.02E+11,1.09E+11,1.13E+11,1.08E+11,1.16E+11,1.31E+11,1.48E+11,1.70E+11,1.93E+11,2.06E+11,2.42E+11,2.33E+11,2.63E+11,3.36E+11,4.39E+11,5.65E+11,5.41E+11,5.15E+11,4.90E+11,4.61E+11,4.89E+11,6.01E+11,7.45E+11,9.10E+11,9.27E+11,1.09E+12,1.14E+12,1.18E+12,1.06E+12,1.14E+12,1.34E+12,1.42E+12,1.56E+12,1.65E+12,1.69E+12,1.67E+12,1.65E+12,1.79E+12,2.05E+12,2.42E+12,2.54E+12,2.71E+12,3.09E+12,2.93E+12,2.41E+12,2.49E+12,2.66E+12,2.71E+12,2.78E+12,3.06E+12,2.93E+12,2.69E+12,2.68E+12,2.87E+12,2.85E+12,2.70E+12,3.14E+12,3.09E+12,3.34E+12,13.79
92,United States,6863,2675,4188,0.00175,0.00113,0.00084,1,1,1,1,5.42E+11,5.62E+11,6.04E+11,6.37E+11,6.84E+11,7.42E+11,8.13E+11,8.60E+11,9.40E+11,1.02E+12,1.07E+12,1.16E+12,1.28E+12,1.43E+12,1.55E+12,1.68E+12,1.87E+12,2.08E+12,2.35E+12,2.63E+12,2.86E+12,3.21E+12,3.34E+12,3.63E+12,4.04E+12,4.34E+12,4.58E+12,4.86E+12,5.24E+12,5.64E+12,5.96E+12,6.16E+12,6.52E+12,6.86E+12,7.29E+12,7.64E+12,8.07E+12,8.58E+12,9.06E+12,9.63E+12,1.03E+13,1.06E+13,1.09E+13,1.15E+13,1.22E+13,1.30E+13,1.38E+13,1.45E+13,1.48E+13,1.45E+13,1.50E+13,1.56E+13,1.63E+13,1.69E+13,1.76E+13,1.83E+13,1.88E+13,1.96E+13,2.07E+13,2.15E+13,2.13E+13,2.36E+13,2.57E+13,2.74E+13,15.49
93,Uruguay,6666,2608,4058,0.00135,0.00097,6.00E-04,1,1,1,0,1208333333,1.60E+09,1763636364,1553333333,1970588235,1893103448,1805555556,1597142857,1592672414,2004435484,2137096774,2807258065,2188700565,3964994166,4091438980,3538014311,3667716535,4114374866,4910526316,7181487624,10162460046,11048642639,9179000938,5102251571,4850267475,4732017873,5880112788,7367494080,8213538369,8438951476,9298807850,11206176651,12878148791,15002136971,17474588896,19297663097,20515458114,23969739234,25385886978,23983945191,22823270892,20898761742,13606515723,12045638352,13686329890,17362857684,19741420740,23797773024,31119602539,32708319078,41950361212,50342406067,54232266359,61337621934,61496186974,57680327999,57480788380,65006047680,65344408987,62222387929,53668636568,60760798596,70164683290,77240831587,12.99
94,Zambia,1702,1030,672,0.00234,0.00235,0.00147,0,1,1,1,7.13E+08,696285714.3,693142857.1,718714285.7,839428571.4,1082857143,1264285714,1.37E+09,1605857143,1965714286,1825285714,1.69E+09,1873249300,2435736196,2913063764,2443545879,2742796006,2514430380,2809862672,3354854981,3882889734,4006206897,3870075350,3321048451,2719801434,2252197452,1664509502,2265364009,3728889427,3994585203,3285217391,3376791460,3181921788,3273505344,3656806166,3806983413,3597220962,4303288480,3537741942,3404284891,3600632111,4094441301,4193850445,4901869764,6221110219,8331870169,12756858899,14056957976,17910858638,15328342304,20265559484,23459515276,25503060420,28037239463,27141023558,21251216799,20958412538,25873601261,26311507274,23308667781,18137764931,22096416932,29163782140,28162630954,7.99
